n_obs,mean_loss_a,mean_loss_b,dm_statistic,p_value,favors,significant_5pct,ticker,benchmark
202,227.56751653602888,55.96090236982857,4.506184025512095,1.1190661368232213e-05,B,True,AAPL,ARIMA
202,227.56751653602888,110.24227664346238,4.541778786918985,9.606253378313667e-06,B,True,AAPL,GRU
202,227.56751653602888,210.51159078586295,0.7200173251070514,0.47235075197618315,B,False,AAPL,LSTM
202,227.56751653602888,175.50428213543444,4.534973533983198,9.89144464869085e-06,B,True,AAPL,MGO-LSTM
202,155.473663348605,71.9604627901642,2.4926021655440764,0.013489070897712008,B,True,AMZN,ARIMA
202,155.473663348605,183.2671757765392,-1.9341101248082324,0.05450372563228956,A,False,AMZN,GRU
202,155.473663348605,353.8302061987867,-6.921191344426116,5.878586506469219e-11,A,True,AMZN,LSTM
202,155.473663348605,168.35293522137826,-1.4906775997284614,0.1376137767602552,A,False,AMZN,MGO-LSTM
202,6.826273707157471,1.6466310399374116,6.02866034796905,7.792894329838873e-09,B,True,BAC,ARIMA
202,6.826273707157471,2.2837952686644156,6.612120547579646,3.3446934111225346e-10,B,True,BAC,GRU
202,6.826273707157471,9.334157478977565,-8.552540109636332,3.1086244689504383e-15,A,True,BAC,LSTM
202,6.826273707157471,3.1689484482608523,6.2507139309860404,2.402371412912885e-09,B,True,BAC,MGO-LSTM
202,9353.27318463407,918.2888952063536,4.628217918115674,6.606236896411488e-06,B,True,CAT,ARIMA
202,9353.27318463407,3410.7373082812733,5.069848737900207,9.012384332152124e-07,B,True,CAT,GRU
202,9353.27318463407,8877.236835823463,1.5573558140367079,0.12095914525771567,B,False,CAT,LSTM
202,9353.27318463407,20677.367911606412,-5.694115958483753,4.353494986730766e-08,A,True,CAT,MGO-LSTM
202,706.5027979506926,467.5019159422616,2.9284132092370228,0.003800164199324385,B,True,COST,ARIMA
202,706.5027979506926,556.1632276054349,2.1621537317933637,0.031787653578115194,B,True,COST,GRU
202,706.5027979506926,1011.8195060365554,-2.8601683577911565,0.004681302942256105,A,True,COST,LSTM
202,706.5027979506926,599.6830605455883,2.554589695669849,0.011371522234578046,B,True,COST,MGO-LSTM
202,48.63744235340512,19.523212595241837,3.10428709620843,0.0021824041847295916,B,True,CVX,ARIMA
202,48.63744235340512,38.03852471726191,3.315163722157203,0.0010865771445858208,B,True,CVX,GRU
202,48.63744235340512,174.6852649588659,-5.8754198258061905,1.7274593089311452e-08,A,True,CVX,LSTM
202,48.63744235340512,41.15139973223314,3.9749344456985907,9.81330021179172e-05,B,True,CVX,MGO-LSTM
202,1061.5651831624748,115.12678116459702,5.9792925181120875,1.0085645207880134e-08,B,True,GE,ARIMA
202,1061.5651831624748,266.3258232826361,6.436085318234431,8.813287877273979e-10,B,True,GE,GRU
202,1061.5651831624748,3343.2586260377943,-9.042910581182236,2.220446049250313e-16,A,True,GE,LSTM
202,1061.5651831624748,3598.6296556795714,-12.368522923796956,0.0,A,True,GE,MGO-LSTM
202,1681.9803817669565,125.76533116830434,6.71358507670222,1.899858048659553e-10,B,True,GOOGL,ARIMA
202,1681.9803817669565,2314.385326400154,-7.659752356666982,7.713829575095588e-13,A,True,GOOGL,GRU
202,1681.9803817669565,3064.3807086288607,-6.691844128484605,2.1455637266853955e-10,A,True,GOOGL,LSTM
202,1681.9803817669565,2395.8877935524374,-7.118295704375692,1.893862844326577e-11,A,True,GOOGL,MGO-LSTM
202,103.78951658188218,93.1177115633465,2.1894089690965304,0.029718550489952866,B,True,HD,ARIMA
202,103.78951658188218,95.17598543784953,1.4128991861784623,0.15923196877780788,B,False,HD,GRU
202,103.78951658188218,114.54118561436506,-0.8818778273923007,0.3788962535326348,A,False,HD,LSTM
202,103.78951658188218,175.73115908398836,-2.871657058899607,0.004521001332376873,A,True,HD,MGO-LSTM
202,43.27528989078059,41.275543996479236,0.4104305887100441,0.681927275058773,B,False,HON,ARIMA
202,43.27528989078059,53.21092330277699,-2.5117732088671714,0.012799440477670343,A,True,HON,GRU
202,43.27528989078059,49.94880008142707,-2.934816218795877,0.0037258192772839926,A,True,HON,LSTM
202,43.27528989078059,44.80514809725873,-0.7986530376350969,0.4254342818157033,A,False,HON,MGO-LSTM
202,334.62602001767846,25.388519920696123,6.353839995532388,1.3782810448503824e-09,B,True,JNJ,ARIMA
202,334.62602001767846,197.27250100307447,6.0756934183577895,6.08749695096833e-09,B,True,JNJ,GRU
202,334.62602001767846,228.27828275654392,4.866408706183741,2.292989941921064e-06,B,True,JNJ,LSTM
202,334.62602001767846,191.39913476292497,6.117075378605502,4.8935508978331654e-09,B,True,JNJ,MGO-LSTM
202,74.10044363013189,51.118284698418975,3.249028021282025,0.0013573412499825466,B,True,JPM,ARIMA
202,74.10044363013189,57.43891035098788,3.11589101055055,0.002102162328984747,B,True,JPM,GRU
202,74.10044363013189,1029.6782904906256,-15.0795862560312,0.0,A,True,JPM,LSTM
202,74.10044363013189,121.94027284588323,-3.1579894031087496,0.0018333846049756186,A,True,JPM,MGO-LSTM
202,4.292686340971183,2.1290304386345116,4.182038244582659,4.312556257612954e-05,B,True,KO,ARIMA
202,4.292686340971183,3.7490476853939287,3.143675290371856,0.0019209821833490182,B,True,KO,GRU
202,4.292686340971183,4.8798212033998745,-1.5425620426282116,0.12450996531241554,A,False,KO,LSTM
202,4.292686340971183,3.0704380952313137,4.367162611453128,2.0142260406252888e-05,B,True,KO,MGO-LSTM
202,5509.84452933799,1449.0290836139745,5.313755595123538,2.83942768408707e-07,B,True,LLY,ARIMA
202,5509.84452933799,3200.3989828574636,5.82810414688796,2.2027888180176092e-08,B,True,LLY,GRU
202,5509.84452933799,5515.371420519174,-0.02127170993223099,0.9830500124046533,A,False,LLY,LSTM
202,5509.84452933799,4276.77560196051,5.121728676544643,7.071845038453262e-07,B,True,LLY,MGO-LSTM
202,48.001862867228276,31.201277963085417,2.3057897305854604,0.022142441657061473,B,True,MCD,ARIMA
202,48.001862867228276,32.50891718404154,2.1287576934733257,0.034491595861268376,B,True,MCD,GRU
202,48.001862867228276,61.013319918896684,-2.1543349337615703,0.032403730934836394,A,True,MCD,LSTM
202,48.001862867228276,37.392903160754244,1.7036265022833306,0.08999639025726403,B,False,MCD,MGO-LSTM
202,1002.3557463076713,736.9710187575467,2.238900571158403,0.026258509206558145,B,True,META,ARIMA
202,1002.3557463076713,1060.8878033311498,-0.8683522725252867,0.38623712100398655,A,False,META,GRU
202,1002.3557463076713,2805.9610594445103,-2.9277721162583052,0.0038076821993702215,A,True,META,LSTM
202,1002.3557463076713,1010.9931492031158,-0.500246410461981,0.6174488351719447,A,False,META,MGO-LSTM
202,267.93076058235744,208.78745106350405,2.4440002832397623,0.015387784638321689,B,True,MSFT,ARIMA
202,267.93076058235744,291.61225770482105,-0.9333835810279115,0.35174183290962313,A,False,MSFT,GRU
202,267.93076058235744,438.75406660836916,-3.916372865001229,0.00012311028294464954,A,True,MSFT,LSTM
202,267.93076058235744,327.92273717197713,-2.043051563973313,0.04235243837401903,A,True,MSFT,MGO-LSTM
202,728.7326429531767,53.60981538274245,8.106789952618751,5.0182080713057076e-14,B,True,NVDA,ARIMA
202,728.7326429531767,92.5064287522259,8.60005779724064,2.220446049250313e-15,B,True,NVDA,GRU
202,728.7326429531767,686.7537649645392,2.2080767631732097,0.028369620331932355,B,True,NVDA,LSTM
202,728.7326429531767,319.932090105039,9.816927839539032,0.0,B,True,NVDA,MGO-LSTM
202,17.805204729761858,13.687849059341183,1.267989430747696,0.2062685173526364,B,False,PEP,ARIMA
202,17.805204729761858,17.875578610981623,-0.0424083204208367,0.9662152927363357,A,False,PEP,GRU
202,17.805204729761858,20.29867536068082,-2.4382088987738495,0.015629148759282563,A,True,PEP,LSTM
202,17.805204729761858,28.493077248874975,-3.0728740564745727,0.0024140348094001673,A,True,PEP,MGO-LSTM
202,10.539423453259124,10.035543611313308,0.6022758773167962,0.547669333275969,B,False,PG,ARIMA
202,10.539423453259124,9.528666972544347,1.1434477338868612,0.25421276178285934,B,False,PG,GRU
202,10.539423453259124,12.59635444648973,-2.024136660507138,0.04427952546783964,A,True,PG,LSTM
202,10.539423453259124,10.006710090780288,0.4997402697383282,0.6178045890415187,B,False,PG,MGO-LSTM
202,387.69613299869417,308.4807675625789,1.9617570496240122,0.05117137273647088,B,False,TSLA,ARIMA
202,387.69613299869417,1215.299448349894,-7.892836580588707,1.8740564655672642e-13,A,True,TSLA,GRU
202,387.69613299869417,759.6356695484488,-7.452126412856586,2.6716406864579767e-12,A,True,TSLA,LSTM
202,387.69613299869417,2586.320553255155,-10.336909747276106,0.0,A,True,TSLA,MGO-LSTM
202,659.3549320690998,188.71616791645408,4.35960807997092,2.0787814812406324e-05,B,True,UNH,ARIMA
202,659.3549320690998,397.5409384647455,5.465412191614588,1.3586991975955698e-07,B,True,UNH,GRU
202,659.3549320690998,1365.094602389623,-4.743823240219456,3.971918903111771e-06,A,True,UNH,LSTM
202,659.3549320690998,724.9846800628017,-0.9835134319655764,0.3265371780134452,A,False,UNH,MGO-LSTM
202,64.58908098043467,55.16015474153314,1.2179106277921288,0.22468568693651236,B,False,V,ARIMA
202,64.58908098043467,57.00646859951652,0.8688252575736504,0.38597894581360226,B,False,V,GRU
202,64.58908098043467,160.3292115276218,-5.286342868359268,3.239117001285763e-07,A,True,V,LSTM
202,64.58908098043467,67.86479688311421,-0.3541258870719235,0.7236157519672635,A,False,V,MGO-LSTM
202,204.88897936093704,11.162852562925655,7.31763078601696,5.915934409017609e-12,B,True,WMT,ARIMA
202,204.88897936093704,21.564890631803948,7.313180869175774,6.072697900094681e-12,B,True,WMT,GRU
202,204.88897936093704,83.89107541322508,7.008059521872139,3.576361429225017e-11,B,True,WMT,LSTM
202,204.88897936093704,114.30666981640157,7.674671440716757,7.049916206369744e-13,B,True,WMT,MGO-LSTM
202,95.71563470650982,15.764105307399689,4.896441366284977,2.0011483625737014e-06,B,True,XOM,ARIMA
202,95.71563470650982,66.53868907188743,5.26225727319986,3.635052701067565e-07,B,True,XOM,GRU
202,95.71563470650982,159.03044611019973,-6.323210660735147,1.6265377933422087e-09,A,True,XOM,LSTM
202,95.71563470650982,132.98215436231018,-6.385004716582089,1.1639456065637432e-09,A,True,XOM,MGO-LSTM
