ticker,model,RMSE_norm,MAPE_norm_%,RMSE_price,MAPE_price_%
MSFT,RIME-LSTM,0.08342141000309551,9.709620331550251,27.514050058217617,5.046634282789926
MSFT,MGO-LSTM,0.0592101867525386,7.430878844648632,19.52870422839064,3.6670732334315
MSFT,LSTM,0.0701076338363946,8.863134022403049,23.122900305403313,4.453560808055819
MSFT,GRU,0.05087974541141259,6.1111334143541605,16.781158004246485,3.02052409483628
MSFT,ARIMA,,,13.511123829554363,2.331068017447807
AAPL,RIME-LSTM,0.07786796327599362,7.7149005354688365,15.56269118786692,4.493368871416193
AAPL,MGO-LSTM,0.05701397313136968,5.503749086492149,11.394812704834111,3.186699424669909
AAPL,LSTM,0.07502430860690679,7.580715139264778,14.994358363967594,4.405947479635956
AAPL,GRU,0.052575356930311026,5.1772170243156745,10.507710868181412,2.994119269771968
AAPL,ARIMA,,,7.249216973899565,1.9905205205011125
NVDA,RIME-LSTM,0.12235616429090738,13.959692092795036,27.47055015662837,13.150890261467591
NVDA,MGO-LSTM,0.07913644720389715,8.250687138755836,17.76716158708139,7.778410432430335
NVDA,LSTM,0.19353130615104566,23.320655715882772,43.450295155216615,21.955317553628536
NVDA,GRU,0.04537369721554524,4.324154537337596,10.186985121467481,4.074356838675582
NVDA,ARIMA,,,7.474832571335388,2.9671970373073564
AMZN,RIME-LSTM,0.08762562322287754,8.426058497746899,16.926640808985496,5.5659715024089955
AMZN,MGO-LSTM,0.09324858023847821,8.93189548367957,18.012827362493375,5.909296029991559
AMZN,LSTM,0.09224193179258482,9.815539514404175,17.818373091723497,6.427920946251893
AMZN,GRU,0.059056661011466484,5.682809376387814,11.407974648882439,3.7220920312358943
AMZN,ARIMA,,,7.6089370830051175,2.502306755022765
GOOGL,RIME-LSTM,0.17571773348563938,20.51209712515912,56.08734243965969,15.2480864302243
GOOGL,MGO-LSTM,0.1520814437619109,17.36947991615883,48.54287524536759,12.924662166818099
GOOGL,LSTM,0.15809421340551058,17.6499032526012,50.46209115671399,13.158452635709278
GOOGL,GRU,0.09380286921222125,10.074383700039109,29.94093733720071,7.5062904266971096
GOOGL,ARIMA,,,11.295704265858197,2.743022249941433
META,RIME-LSTM,0.05358982494645166,5.324248031085786,37.57129017545599,4.576698463465298
META,MGO-LSTM,0.10658615243174835,10.78669842168144,74.7264852180443,9.348356392699323
META,LSTM,0.04181594153241098,4.059429543992706,29.316738295823463,3.48719285128207
META,GRU,0.048738890726603604,4.783310916236681,34.170348721027366,4.122211415629654
META,ARIMA,,,25.996189146737503,2.9680175941149542
TSLA,RIME-LSTM,0.04984164638441333,4.790637341073296,19.028544076061053,3.5525930534180206
TSLA,MGO-LSTM,0.05493172372019249,5.320637946107978,20.971833833935555,3.9544385195140657
TSLA,LSTM,0.0977560170898386,10.379486662051619,37.321292831046726,7.72160075046567
TSLA,GRU,0.055355889742522146,5.2711383564824805,21.13377194065892,3.916282543936452
TSLA,ARIMA,,,17.783975863100405,3.2956331937526735
JPM,RIME-LSTM,0.037363316394518536,3.54923715065769,8.864820527580124,2.372847730857711
JPM,MGO-LSTM,0.036495897841527444,3.4241282483769675,8.659016799844451,2.2966096497231114
JPM,LSTM,0.12150360783332027,13.285750658308801,28.827946254093277,8.913934700194249
JPM,GRU,0.04788107872944672,4.568767898028674,11.360264841633548,3.076811608538
JPM,ARIMA,,,6.478642511611505,1.654371397045778
BAC,RIME-LSTM,0.04548591253892959,4.519212477433172,1.5797258084127195,2.3765996807482614
BAC,MGO-LSTM,0.0468896423833059,4.740225927325521,1.6284773479427346,2.4892880617597
BAC,LSTM,0.08042137347151193,8.649028299081305,2.793034417243223,4.538308749433634
BAC,GRU,0.05129952064868169,5.122158639833581,1.7816324264917287,2.6982180669209113
BAC,ARIMA,,,1.1451518725965986,1.6684051068307701
V,RIME-LSTM,0.045592985944512006,4.565405983797729,8.920723796869721,2.1195736221316337
V,MGO-LSTM,0.04185949623097346,4.22428871095627,8.190229185846322,1.9268255312918325
V,LSTM,0.061262520807891956,6.4451903001045086,11.98662504562219,2.9573014782271674
V,GRU,0.03835430443011167,3.7611570859671892,7.504403345253307,1.7185507759807317
V,ARIMA,,,6.765284219869776,1.4422460964951542
JNJ,RIME-LSTM,0.11263761844270187,14.173244798452354,14.099976251674862,5.1846364378152865
JNJ,MGO-LSTM,0.1264147192885212,16.032028937679794,15.824593634648025,5.879172019915617
JNJ,LSTM,0.10295730240818576,12.788415370290112,12.88819436137489,4.664486713606962
JNJ,GRU,0.10784885520639305,13.733745573841075,13.500518904827675,5.016376684921378
JNJ,ARIMA,,,4.934186820505379,1.6467721682272765
UNH,RIME-LSTM,0.06719188486129908,33.42521846051335,26.035511258981465,6.37066439749314
UNH,MGO-LSTM,0.07836887745184651,40.86742253977002,30.366372300213516,7.694042196644671
UNH,LSTM,0.10861369650739677,58.593723226292205,42.08563465863833,11.420730335508464
UNH,GRU,0.06589141023160586,32.876397901194345,25.53160335502416,6.5868333377377635
UNH,ARIMA,,,14.052339562742139,2.991201108846081
LLY,RIME-LSTM,0.04957577581581613,4.93521170700744,53.10755662666166,4.120560527659931
LLY,MGO-LSTM,0.06922687919693415,6.942442285809467,74.1586056201534,5.823339384605644
LLY,LSTM,0.06511652650701744,6.585895252569178,69.75543119387115,5.520089186191607
LLY,GRU,0.053470499556637414,5.24253203027923,57.279740686459704,4.3824597556332066
LLY,ARIMA,,,39.817728370231976,2.960008261804817
XOM,RIME-LSTM,0.07819628270414888,7.704196192928809,10.163170958512678,5.48532347372424
XOM,MGO-LSTM,0.10279445862894673,10.118337398301547,13.360195913485724,7.22140745604485
XOM,LSTM,0.0651372299270354,6.206641583203445,8.465885853130011,4.417088354709511
XOM,GRU,0.06506596402982834,6.158334894502563,8.456623424383015,4.382034677515647
XOM,ARIMA,,,3.8980067003419987,2.073623747208797
CVX,RIME-LSTM,0.05438008160189598,5.333024479116986,6.875817235620507,2.805603647841618
CVX,MGO-LSTM,0.052261713199381186,5.1674754858842675,6.607970745796607,2.71507861859226
CVX,LSTM,0.07382044478758427,7.548577284249383,9.333856655962563,3.9924248702575755
CVX,GRU,0.04863189011930345,4.939950130146626,6.149015934383057,2.577021570407795
CVX,ARIMA,,,4.74210455907408,2.088742210787726
PG,RIME-LSTM,0.06402691181489692,12.18426740586743,3.6847484818553746,2.0286900585265095
PG,MGO-LSTM,0.05695552919136789,10.170720568676222,3.2777904442415005,1.7522390732321944
PG,LSTM,0.056876707209513044,10.051382750798705,3.2732542395465725,1.7480121292559843
PG,GRU,0.05396922854418936,9.583767994060384,3.1059288556665754,1.646231560889024
PG,ARIMA,,,3.2630654980442935,1.628180349277928
WMT,RIME-LSTM,0.14542395643848824,14.854764126012368,13.781827863496966,9.994187505282662
WMT,MGO-LSTM,0.08330473042619313,8.165624656360558,7.8947890228418744,5.497555136465562
WMT,LSTM,0.10113350770690069,9.91990225569462,9.584422185884508,6.679454353758002
WMT,GRU,0.050118403491036335,4.684346370526747,4.749720930601361,3.139677201679104
WMT,ARIMA,,,3.754731815263314,2.2571833566375905
KO,RIME-LSTM,0.05180029737180505,5.294348596367696,1.86429259175389,1.901058379277853
KO,MGO-LSTM,0.05795675227292493,5.882910460289949,2.0858633904935884,2.126786891779487
KO,LSTM,0.06359690027851306,6.441441310199207,2.2888523051660488,2.3236454905224857
KO,GRU,0.0651802180947855,6.552649918421018,2.345835909991362,2.3742869392939157
KO,ARIMA,,,1.4535968085814222,1.4176868116102272
PEP,RIME-LSTM,0.06779638075093644,16.188566204827776,4.616932908444367,2.2193521293953276
PEP,MGO-LSTM,0.07022457568146283,17.040836443994383,4.782292960982427,2.324171683575774
PEP,LSTM,0.0711964194348918,15.916796422892856,4.848475511693444,2.2666506624850804
PEP,GRU,0.06021766663504085,14.741732106641898,4.100822546537078,1.9867679510607912
PEP,ARIMA,,,3.77037784177428,1.8192897993468342
COST,RIME-LSTM,0.032335089352191024,3.2299374174414606,25.315139282895398,2.1618617803016846
COST,MGO-LSTM,0.034342753887813986,3.336253349286226,26.886939713042683,2.2351464920998767
COST,LSTM,0.034220406922492966,3.3639415877238217,26.791154282107073,2.272754294865298
COST,GRU,0.028797609746400967,2.7499648521639033,22.545646737024047,1.8548553298785513
COST,ARIMA,,,21.26727270690348,1.6661046902567072
HD,RIME-LSTM,0.05631664733101143,8.654477980196019,10.161775981899517,2.276556366489297
HD,MGO-LSTM,0.05883697333627402,8.868939199105236,10.61654361244224,2.3449560096939703
HD,LSTM,0.06088017796905376,9.594922490152145,10.985219461369308,2.5131480905384107
HD,GRU,0.055436015635993895,8.554972435447745,10.002874796700572,2.257713982291158
HD,ARIMA,,,9.951244412287311,2.2261319362445207
MCD,RIME-LSTM,0.056155592250158134,6.39439527630605,7.649514844865838,2.0282874914873834
MCD,MGO-LSTM,0.07682900135122399,8.217202401371251,10.465646657849119,2.6296542842876436
MCD,LSTM,0.05525664256665216,6.50253770394217,7.5270599178813,2.0586394632121867
MCD,GRU,0.04571720583733773,5.435339874937638,6.227597834969272,1.6833094754194426
MCD,ARIMA,,,5.776461662941272,1.4757466455970718
GE,RIME-LSTM,0.10207221746093297,10.970776203841131,34.76782770002909,9.65386337010869
GE,MGO-LSTM,0.13873887831684922,15.801472231350344,47.25722176518516,13.883979353134581
GE,LSTM,0.10629938762938261,11.734742927285513,36.20768594678081,10.312030700742865
GE,GRU,0.04071321228304465,3.890709919832066,13.867729975724053,3.417349125603149
GE,ARIMA,,,10.266158410379907,2.5408067175945352
CAT,RIME-LSTM,0.10448023801655629,11.541923481953436,94.28923789612973,9.043621411081931
CAT,MGO-LSTM,0.10180175652510308,11.791137255789721,91.87201543049953,9.183472408536858
CAT,LSTM,0.12107720486161495,13.589412210135182,109.26733695980083,10.663895347690493
CAT,GRU,0.08402440615744114,8.89810501903753,75.82866742708373,6.984561839569634
CAT,ARIMA,,,29.79425996693803,3.099285194958062
HON,RIME-LSTM,0.09144393998705296,10.599643807902256,8.695528102308582,2.938121324156705
HON,MGO-LSTM,0.07939818008419493,9.619863929918235,7.550080478728561,2.5685582496500112
HON,LSTM,0.07313040374934207,9.138888573347954,6.954069138158434,2.357047064095481
HON,GRU,0.07065406341465999,8.678684929365241,6.7185905818521645,2.2807196845736977
HON,ARIMA,,,6.659062718512358,2.0789917949763126
