date,0
2025-01-02,0.0033398530510467582
2025-01-03,0.014034397769671095
2025-01-06,0.012434675784214692
2025-01-07,-0.011936328035473462
2025-01-08,0.005203982770467389
2025-01-10,0.0013046751353791922
2025-01-13,-0.011225441575974793
2025-01-14,-0.005654552134316466
2025-01-15,0.01460826322564452
2025-01-16,-0.00472358464110888
2025-01-17,0.009759606165754232
2025-01-21,0.01107260966194105
2025-01-22,0.004691347472880721
2025-01-23,0.006469547384945701
2025-01-24,0.0015395960845551847
2025-01-27,-0.005120332908799926
2025-01-28,0.011287578979751408
2025-01-29,-0.004310033446662497
2025-01-30,0.009967774220498478
2025-01-31,-0.011275535279643121
2025-02-03,0.004876537989350681
2025-02-04,0.014466917643934155
2025-02-05,0.00979739205608775
2025-02-06,0.006187222434736347
2025-02-07,-0.01398216073464535
2025-02-10,0.013235151595408659
2025-02-11,-0.0027286774865629103
2025-02-12,0.002653588161691856
2025-02-13,0.013837303058668222
2025-02-14,-0.0026186768917904907
2025-02-18,-0.0022565566872372466
2025-02-19,0.0007758383788039234
2025-02-20,-0.043194325746374454
2025-02-21,-0.02359958810265626
2025-02-24,-0.010799388718696618
2025-02-25,0.02186402330475162
2025-02-26,-0.008989899431268383
2025-02-27,-0.004518995417872853
2025-02-28,0.022403786266226487
2025-03-03,-0.018598395341964176
2025-03-04,-0.021706763638972757
2025-03-05,0.00710718335575087
2025-03-06,-0.011328795873784409
2025-03-07,0.004498357200889992
2025-03-10,-0.02001413881332523
2025-03-11,-0.00816662411819949
2025-03-12,-0.002223239455307832
2025-03-13,-0.011939950606801213
2025-03-14,0.01346948713659897
2025-03-17,0.010679669129609368
2025-03-18,-0.008400167377382126
2025-03-19,0.010172904809452876
2025-03-20,0.0007044137339453044
2025-03-21,-0.0013694205237066678
2025-03-24,0.01635178795537808
2025-03-25,0.0048920069277899395
2025-03-26,-0.0025605517611761385
2025-03-27,0.0014717059403069389
2025-03-28,-0.016643274920743932
2025-03-31,0.011513116764542345
2025-04-01,0.00598100953587157
2025-04-02,-0.004592465599046211
2025-04-03,-0.03166108099972267
2025-04-04,-0.10045436207062243
2025-04-07,-0.011270496776202411
2025-04-08,-0.01681053603299277
2025-04-09,0.14278503308752197
2025-04-10,-0.04245144083667117
2025-04-11,0.010079585692958547
2025-04-14,0.01837907979179846
2025-04-15,6.056446513988151e-05
2025-04-16,-0.029304493532771675
2025-04-17,0.0011780662613246444
2025-04-21,-0.027224856829245025
2025-04-22,0.05124814170629084
2025-04-23,0.030265268988983088
2025-04-24,0.022400394189079784
2025-04-25,0.024710274022404347
2025-04-28,0.00839885637226504
2025-04-29,0.004800127700170221
2025-04-30,-0.0028780847759296373
2025-05-01,0.005325585246615956
2025-05-02,0.007200050950496398
2025-05-05,-0.009357685838792155
2025-05-06,-0.002239212481259765
2025-05-07,0.011791224133930533
2025-05-08,-0.008437808338122637
2025-05-09,-0.001972061442865449
2025-05-12,0.0054599025214626794
2025-05-13,0.007868279190723072
2025-05-14,0.012942817900317356
2025-05-15,0.023935017555901987
2025-05-16,0.0071185328433943824
2025-05-19,-0.0032340497787719984
2025-05-20,-0.003108096450730037
2025-05-21,-0.004287284526946528
2025-05-22,-0.0038853370263936425
2025-05-23,0.004287806584992131
2025-05-27,0.012968423104479428
2025-05-28,-0.009176083589391142
2025-05-29,0.00866743224647957
2025-05-30,-0.0018511036764156334
2025-06-02,4.739587039903951e-05
2025-06-03,-0.004076697050455027
2025-06-04,-0.0013599553244399718
2025-06-05,-0.021539022223982227
2025-06-06,0.002910563937635758
2025-06-09,0.0004130506486097075
2025-06-10,-0.00378895651299482
2025-06-11,-0.007734766021660847
2025-06-12,-0.013794445932199802
2025-06-13,-0.004122525809899275
2025-06-16,-0.00014704795507521054
2025-06-17,-0.004498243044109061
2025-06-18,0.007912154961095125
2025-06-20,0.010687117312882893
2025-06-23,0.02749236224342519
2025-06-24,-0.00034941787408290835
2025-06-25,-0.007655490966734306
2025-06-26,-0.00843984221402803
2025-06-27,0.01145355624107066
2025-06-30,0.004415741097922882
2025-07-01,-0.008292502157643418
2025-07-02,-0.0036897284158312056
2025-07-03,0.007120214519309167
2025-07-07,0.00248826163274184
2025-07-08,-0.007240933455469165
2025-07-09,0.0023325656091853155
2025-07-10,0.01471294596245582
2025-07-11,0.0026171189205913647
2025-07-14,0.006908161281048922
2025-07-15,-0.010582260935197051
2025-07-16,0.0013037572869287228
2025-07-17,0.006683839639076794
2025-07-18,-0.003771598579182295
2025-07-21,-0.003428930935976306
2025-07-22,0.009252625096336608
2025-07-23,0.0013132102811136066
2025-07-24,-0.013513343577868188
2025-07-25,0.011792216894112095
2025-07-28,0.0028740556780099784
2025-07-29,0.004126721077190421
2025-07-30,0.0011304925212439485
2025-07-31,-0.009468253673397658
2025-08-01,-0.0014135892304255886
2025-08-04,0.0063821431140011625
2025-08-05,-0.012557598652443387
2025-08-06,0.031797999243628174
2025-08-07,-0.007614849171059621
2025-08-08,0.00811182981602084
2025-08-11,0.0007269643919479774
2025-08-12,-0.0015111129576444982
2025-08-13,-0.014146026028830208
2025-08-14,0.0012448835775843467
2025-08-15,-0.006961846972130671
2025-08-18,0.0038237647330985353
2025-08-19,0.00406506451478876
2025-08-20,0.010401825353682137
2025-08-21,-0.03322433280923909
2025-08-22,-0.00356098092432361
2025-08-25,-0.0066606656674344285
2025-08-26,0.001609334746016151
2025-08-27,-0.00038736035422183703
2025-08-28,-9.4048750650778e-05
2025-08-29,0.008109652537318816
2025-09-02,0.005303541365882526
2025-09-03,0.01274626909106137
2025-09-04,0.011122193460722518
2025-09-05,-0.02523910778968279
2025-09-08,-0.003779788488673576
2025-09-09,0.010163738379546663
2025-09-10,-0.0031498969010928645
2025-09-11,0.01626452259898179
2025-09-12,-0.002963140642404419
2025-09-15,0.002542575786626148
2025-09-16,0.0013341480563500469
2025-09-17,0.01218876065596532
2025-09-18,-0.008642200345338458
2025-09-19,0.007623165505883043
2025-09-22,-0.0011170418019604842
2025-09-23,-0.005554057092632139
2025-09-24,0.0011170225599335265
2025-09-25,-0.004248275126808715
2025-09-26,0.008079829899978049
2025-09-29,0.0036635378453602537
2025-09-30,0.0025649077349740707
2025-10-01,0.0007060151683410424
2025-10-02,-0.007462853875420346
2025-10-03,0.00985003963180531
2025-10-06,0.006048271213615472
2025-10-07,-0.007666888632151915
2025-10-08,-0.008284412866544758
2025-10-09,-0.0030589281803044825
2025-10-10,-0.014463305610619587
2025-10-13,0.023061459040639876
2025-10-14,-0.0008667729028282922
2025-10-15,0.016134150435717164
2025-10-16,-0.015446808286319296
2025-10-17,0.002380498066580714
2025-10-20,0.011665298208317371
2025-10-21,-0.017954707908093857
2025-10-22,-0.0024466283935310556
2025-10-23,0.0021281687998814303
2025-10-24,0.01821259150956662
2025-10-27,0.015515117363329129
2025-10-28,-0.0019037361806248459
2025-10-29,0.007625913642378631
2025-10-30,0.014461187862647946
2025-10-31,0.0009894943687366307
2025-11-03,0.00045028268448179317
2025-11-04,-0.010925081663850665
2025-11-05,0.003949219723533384
2025-11-06,-0.008669089386123036
2025-11-07,-0.009810832063387051
2025-11-10,0.01760292620398278
2025-11-11,0.014904302244495933
2025-11-12,-0.002134872733585058
2025-11-13,-0.015541543073715145
2025-11-14,0.0059223258806770426
2025-11-17,0.012517248862876106
2025-11-18,-0.008083557831673548
2025-11-19,0.006408188842086273
2025-11-20,-0.006674762749438654
2025-11-21,-0.0024620816319518677
2025-11-24,0.022602735022716806
2025-11-25,0.003819735149956264
2025-11-26,0.009760463579254777
2025-11-28,0.002616085588915531
2025-12-01,-0.006464827692597861
2025-12-02,0.0009868257440389064
2025-12-03,0.004485255096215088
2025-12-04,-0.008853285630579355
2025-12-05,-0.0003783387511980813
2025-12-08,3.879721202268427e-05
2025-12-09,-0.00594519100107179
2025-12-10,0.0207824029335679
2025-12-11,0.01346694000225919
2025-12-12,0.0019913760340754478
2025-12-15,0.006704408462744419
2025-12-16,-0.015482428454701167
2025-12-17,0.0025783648986676764
2025-12-18,-0.0016333407735995475
2025-12-19,-0.00633437515543945
2025-12-22,0.003589011923731224
2025-12-23,-0.003335647926198517
2025-12-24,0.007696982728599531
2025-12-26,-0.0008351996180096501
2025-12-29,-0.0008687898993333379
2025-12-30,-0.0015640135734881107
2025-12-31,-0.001990087096043918
2026-01-02,-0.003990890117807512
2026-01-05,-0.007936039375594709
2026-01-06,0.004954006259151117
2026-01-07,0.011907513241995326
2026-01-08,-0.009143211221406312
2026-01-09,-0.004513142175629099
2026-01-12,0.01743755633275479
2026-01-13,0.009671520315522606
2026-01-14,0.010364047233979866
2026-01-15,0.0010732019003177153
2026-01-16,-0.0015693000475219354
2026-01-20,-0.005112066288476292
2026-01-21,-0.0017357785977392508
2026-01-22,0.008609851947924893
2026-01-23,0.011079823410198659
2026-01-26,0.007310316620221959
2026-01-27,0.012166626317144418
2026-01-28,0.009585038064618058
2026-01-29,-0.010917531572334329
2026-01-30,-0.002821097371039483
2026-02-02,0.007589474536664925
2026-02-03,-0.0009807230788430943
2026-02-04,0.008192266644464324
2026-02-05,0.004571712028599361
2026-02-06,0.011993664947792384
2026-02-09,-0.00720636550072356
2026-02-10,-0.01241661032132067
2026-02-11,0.012349272177143312
2026-02-12,-0.007158614861698492
2026-02-13,-0.0020861850574503344
2026-02-17,0.006409173385872087
2026-02-18,0.004593665089601635
2026-02-19,-0.005742643691896563
2026-02-20,0.008128427328383652
2026-02-23,-0.0009548910735142644
2026-02-24,0.000735010984066576
2026-02-25,0.0020561062593215814
2026-02-26,0.0020897891321764333
2026-02-27,0.0013247290265145351
2026-03-02,-0.007630898363903458
2026-03-03,-0.0064646958003048175
2026-03-04,-0.011220640173701854
2026-03-05,-0.00737476025972068
2026-03-06,-0.004335723878470901
2026-03-09,0.004937198214050009
2026-03-10,0.0060932860153454105
2026-03-11,-0.00272899949791101
2026-03-12,-0.008481081778471133
2026-03-13,-0.003952641354465654
2026-03-16,0.007642891916501554
2026-03-17,-0.015363796609043131
2026-03-18,-0.005306760777656357
2026-03-19,0.0012664620898113267
2026-03-20,-0.007839640766274147
2026-03-23,0.002431978251215976
2026-03-24,0.0007561173152484185
2026-03-25,0.018476417064860442
2026-03-26,-0.005775857973993512
2026-03-27,-0.002108771670211512
2026-03-30,0.008174668381079478
2026-03-31,0.01369658933648599
2026-04-01,0.001196435673895535
2026-04-02,-0.00339147411410822
2026-04-06,-0.004126792397129767
2026-04-07,-0.007520295319892472
2026-04-08,0.030342014419335334
2026-04-09,0.012364797347283454
2026-04-10,-0.004314839441914364
2026-04-13,0.010009087578268802
2026-04-14,-0.002053819430923177
2026-04-15,0.010438408746204171
2026-04-16,-0.00946649504760903
2026-04-17,0.010576909229724445
2026-04-20,0.0031877245253186365
2026-04-21,-0.011881143237472816
2026-04-22,0.00044988064989043286
2026-04-23,-0.009054513263959018
2026-04-24,-0.011897737850142004
2026-04-27,0.00540516759629411
2026-04-28,0.0021778811304104875
2026-04-29,-0.0014350550611183614
2026-04-30,0.02110700072233637
2026-05-01,0.003688276450800149
2026-05-04,-0.015499447357891076
2026-05-05,0.017595864227082772
2026-05-06,0.009045923067397406
2026-05-07,-0.009576664820937445
2026-05-08,-0.007616682968995344
2026-05-11,0.0028865070631291334
2026-05-12,0.0077032278257921916
2026-05-13,0.011581205170008118
2026-05-14,0.001551229760561009
2026-05-15,-0.005455907117836334
2026-05-18,0.013390861010084491
2026-05-19,0.002756608081643511
2026-05-20,-0.005123211504836356
2026-05-21,0.005874832339019796
2026-05-22,0.00823272461565271
2026-05-26,-0.01481816427615135
2026-05-27,-0.0032798220754091823
2026-05-28,-0.0012831328563437184
2026-05-29,-0.009839884703223101
2026-06-01,-0.003062826217005785
2026-06-02,0.005400869732684954
2026-06-03,0.0042806964637864195
2026-06-04,0.015304138665310666
2026-06-05,0.002911942368285413
2026-06-08,0.002432449991414737
2026-06-09,0.011424725905093795
2026-06-10,-0.00522851386234448
2026-06-11,0.00790539153267877
2026-06-12,0.004063295172166399
2026-06-15,0.0057467693536790675
2026-06-16,-0.0023519401486909904
2026-06-17,-0.007326787509795635
2026-06-18,0.004400847332670361
2026-06-22,-0.0035919047350736226
2026-06-23,-0.0054295354261862504
2026-06-24,0.0020872719817001243
2026-06-25,-0.006419345660218542
2026-06-26,0.005918192546792713
2026-06-29,0.006462539921765777
2026-06-30,-0.0019874569814860186
2026-07-01,0.003361842033082104
2026-07-02,0.01134388506236179
2026-07-06,-0.0021958061177230486
2026-07-07,0.0054796640929996076
2026-07-08,-0.0011152032696976621
