roll,date,strategy,n_assets,max_weight,HHI,effective_N
0,2025-01-02,DandelionOptimizer,15,0.22177822674001305,0.13791461625114093,7.250863086034417
0,2025-01-02,Markowitz,15,0.6269255837074725,0.4327701688024314,2.310695311479569
0,2025-01-02,EqualWeight,15,0.06666666666666667,0.06666666666666667,15.0
1,2025-02-04,DandelionOptimizer,15,0.20451401342903883,0.12893411643900246,7.755899118237575
1,2025-02-04,Markowitz,15,0.6483842645460156,0.4496256800190967,2.2240722548532537
1,2025-02-04,EqualWeight,15,0.06666666666666667,0.06666666666666667,15.0
2,2025-03-06,DandelionOptimizer,15,0.17044839173933576,0.11610367718670948,8.612991631538705
2,2025-03-06,Markowitz,15,0.4207993506295332,0.2686668070044583,3.722082423019253
2,2025-03-06,EqualWeight,15,0.06666666666666667,0.06666666666666667,15.0
3,2025-04-04,DandelionOptimizer,15,0.18595831338703644,0.1327307279716267,7.534050443946679
3,2025-04-04,Markowitz,15,0.5492578297234001,0.40359957661809753,2.477703292900728
3,2025-04-04,EqualWeight,15,0.06666666666666667,0.06666666666666667,15.0
4,2025-05-06,DandelionOptimizer,15,0.19914478302928226,0.14174356707729174,7.054993892278069
4,2025-05-06,Markowitz,15,0.7379834320892811,0.5792078979344315,1.7264957946295196
4,2025-05-06,EqualWeight,15,0.06666666666666667,0.06666666666666667,15.0
5,2025-06-05,DandelionOptimizer,15,0.20964925317922795,0.15038695710394054,6.649512825163728
5,2025-06-05,Markowitz,15,0.6970367941515241,0.538546689145983,1.8568492206047738
5,2025-06-05,EqualWeight,15,0.06666666666666667,0.06666666666666667,15.0
6,2025-07-08,DandelionOptimizer,15,0.13030583711114302,0.10694371166547677,9.350713421356001
6,2025-07-08,Markowitz,15,0.5671615637677976,0.37034388657360773,2.7001930806848757
6,2025-07-08,EqualWeight,15,0.06666666666666667,0.06666666666666667,15.0
7,2025-08-06,DandelionOptimizer,15,0.1301715410452099,0.10008150908490676,9.991855729829412
7,2025-08-06,Markowitz,15,0.7352512048315129,0.6095433715237352,1.640572347625079
7,2025-08-06,EqualWeight,15,0.06666666666666667,0.06666666666666667,15.0
8,2025-09-05,DandelionOptimizer,15,0.1906265158966571,0.13872853980980157,7.208322104240494
8,2025-09-05,Markowitz,15,0.5053235401535995,0.44087302723463073,2.2682267642284324
8,2025-09-05,EqualWeight,15,0.06666666666666667,0.06666666666666667,15.0
9,2025-10-06,DandelionOptimizer,15,0.21564711961881156,0.1590325823110468,6.288019633889435
9,2025-10-06,Markowitz,15,0.5306664221435161,0.4052890335740711,2.4673749279160764
9,2025-10-06,EqualWeight,15,0.06666666666666667,0.06666666666666667,15.0
10,2025-11-04,DandelionOptimizer,15,0.20587449061688062,0.15520793705925703,6.442969470164459
10,2025-11-04,Markowitz,15,0.5847680769493809,0.4291683316653926,2.330088047548822
10,2025-11-04,EqualWeight,15,0.06666666666666667,0.06666666666666667,15.0
11,2025-12-04,DandelionOptimizer,15,0.15305653420752113,0.12280931059798762,8.142705102168257
11,2025-12-04,Markowitz,15,0.729799530497547,0.5632600039362471,1.7753790310188358
11,2025-12-04,EqualWeight,15,0.06666666666666667,0.06666666666666667,15.0
12,2026-01-06,DandelionOptimizer,15,0.18309740582731257,0.13737604191568367,7.279289649455492
12,2026-01-06,Markowitz,15,0.7117453122016754,0.5424567605887711,1.8434649038471216
12,2026-01-06,EqualWeight,15,0.06666666666666667,0.06666666666666667,15.0
13,2026-02-05,DandelionOptimizer,15,0.144232627910986,0.11526387841370957,8.67574485400154
13,2026-02-05,Markowitz,15,0.5931189764796811,0.40445475685332116,2.4724644303359207
13,2026-02-05,EqualWeight,15,0.06666666666666667,0.06666666666666667,15.0
14,2026-03-09,DandelionOptimizer,15,0.1938096041625065,0.1334316625598222,7.494473056960256
14,2026-03-09,Markowitz,15,0.7924637822453522,0.6540197354998388,1.5290058475616848
14,2026-03-09,EqualWeight,15,0.06666666666666667,0.06666666666666667,15.0
15,2026-04-08,DandelionOptimizer,15,0.15423957738832725,0.13105796778473766,7.630211401129744
15,2026-04-08,Markowitz,15,0.6633615286841955,0.47840070625527575,2.090297917466697
15,2026-04-08,EqualWeight,15,0.06666666666666667,0.06666666666666667,15.0
16,2026-05-07,DandelionOptimizer,15,0.18662321683157404,0.1284485308944128,7.785219441879172
16,2026-05-07,Markowitz,15,0.48752180421431884,0.33948616299959455,2.945628155104496
16,2026-05-07,EqualWeight,15,0.06666666666666667,0.06666666666666667,15.0
17,2026-06-08,DandelionOptimizer,15,0.148851483176719,0.1094276435239229,9.13845869102885
17,2026-06-08,Markowitz,15,0.38288885122006866,0.248336862370632,4.026788413342935
17,2026-06-08,EqualWeight,15,0.06666666666666667,0.06666666666666667,15.0
